,2024-11-01,2024-11-02,2024-11-03,2024-11-04,2024-11-05,2024-11-06,2024-11-07,2024-11-08,2024-11-09,2024-11-10,2024-11-11,2024-11-12,2024-11-13,2024-11-14,2024-11-15,2024-11-16,2024-11-17,2024-11-18,2024-11-19,2024-11-20,2024-11-21,2024-11-22,2024-11-23,2024-11-24,2024-11-25,2024-11-26,2024-11-27,2024-11-28,2024-11-29,2024-11-30,Workday,7 Day,Count
00:00:00,41,18,31,26,24,26,25,39,31,37,18,16,4,23,19,36,28,17,27,38,31,39,40,27,18,26,26,41,51,55,27,29,878
01:00:00,34,23,17,10,27,20,33,31,23,21,10,9,8,5,17,37,39,5,18,21,25,37,19,29,13,13,25,18,20,47,19,22,654
02:00:00,46,20,20,13,23,31,20,19,22,29,7,7,11,12,18,34,26,9,17,22,24,38,18,25,11,23,22,31,29,42,21,22,669
03:00:00,38,26,36,20,21,26,14,18,27,30,20,24,14,21,19,28,28,19,21,27,23,32,17,8,14,38,34,26,30,39,24,25,738
04:00:00,45,28,21,31,26,30,30,50,26,26,32,30,27,32,37,36,30,31,29,29,42,32,28,18,37,25,25,35,39,29,33,31,936
05:00:00,60,28,17,33,43,43,66,63,35,18,43,55,50,54,53,23,14,51,52,60,42,36,24,16,53,39,45,51,63,28,50,42,1258
06:00:00,147,65,24,141,129,153,146,130,58,32,127,130,144,141,129,57,26,118,141,144,136,114,45,21,115,135,107,135,130,65,133,107,3185
07:00:00,276,104,41,283,296,333,290,302,99,43,292,311,323,300,304,107,35,280,288,286,278,297,62,48,279,290,259,274,313,96,293,229,6789
08:00:00,279,160,62,286,281,261,237,309,149,55,323,286,310,291,304,147,56,179,266,303,249,352,110,47,259,253,257,254,331,169,280,230,6825
09:00:00,315,187,78,331,367,326,332,349,182,70,367,342,380,366,330,195,81,300,335,379,260,315,123,72,332,305,351,294,385,214,336,278,8263
10:00:00,310,170,102,303,319,322,345,329,186,107,273,285,284,320,331,187,93,261,296,302,276,329,183,113,285,342,284,321,353,183,308,262,7794
11:00:00,292,188,112,280,296,273,299,298,198,108,292,302,276,316,335,182,100,300,347,289,322,309,233,100,259,297,254,319,335,167,300,258,7678
12:00:00,314,198,137,298,287,289,330,334,190,113,316,310,286,315,300,166,120,281,299,310,295,318,190,141,275,297,193,307,324,188,299,259,7721
13:00:00,243,172,137,256,284,311,259,296,151,142,307,313,314,262,249,154,133,281,259,296,243,272,170,148,279,292,262,302,277,159,279,243,7223
14:00:00,280,173,135,290,327,299,291,299,153,142,287,300,318,301,307,158,125,279,313,307,304,250,170,115,306,310,264,319,340,160,300,256,7622
15:00:00,281,150,158,324,334,322,311,293,133,145,317,292,341,312,234,169,98,309,278,325,313,242,133,132,289,324,302,308,271,135,301,255,7575
16:00:00,231,123,119,251,254,293,289,206,140,143,275,221,274,272,210,156,125,262,212,321,287,223,164,117,236,250,268,237,201,138,251,218,6498
17:00:00,159,122,138,198,218,224,208,182,130,136,179,212,238,210,170,145,111,212,201,209,173,196,116,122,175,220,183,122,146,145,192,174,5200
18:00:00,99,95,105,97,157,130,137,135,100,109,156,137,127,151,148,139,100,121,147,146,158,149,96,113,119,141,138,124,130,108,136,127,3812
19:00:00,113,107,78,115,133,130,144,106,80,79,110,129,108,134,119,66,61,112,122,119,115,123,97,74,109,120,113,124,123,94,120,109,3257
20:00:00,79,69,48,80,71,81,103,73,70,60,69,96,91,104,87,77,63,63,103,100,88,90,66,51,72,76,86,112,99,72,87,80,2399
21:00:00,54,39,51,91,110,118,122,60,55,41,67,53,77,55,65,66,40,108,99,125,93,77,43,46,75,129,105,93,69,67,88,77,2293
22:00:00,39,45,23,72,88,78,103,52,51,22,40,39,44,39,65,37,25,59,84,72,88,48,41,26,60,78,62,90,73,45,65,57,1688
23:00:00,30,41,19,36,48,41,60,35,41,25,29,20,32,31,48,35,22,33,48,67,62,56,26,31,29,46,66,65,58,51,45,41,1231
