,2024-12-01,2024-12-02,2024-12-03,2024-12-04,2024-12-05,2024-12-06,2024-12-07,2024-12-08,2024-12-09,2024-12-10,2024-12-11,2024-12-12,2024-12-13,2024-12-14,2024-12-15,2024-12-16,2024-12-17,2024-12-18,2024-12-19,2024-12-20,2024-12-21,2024-12-22,2024-12-23,2024-12-24,2024-12-25,2024-12-26,2024-12-27,2024-12-28,2024-12-29,2024-12-30,2024-12-31,Workday,7 Day,Count
00:00:00,2,1,2,4,6,5,5,2,2,5,1,5,1,2,1,1,3,1,1,3,0,3,0,5,0,0,2,3,2,2,3,2,2,73
01:00:00,2,2,2,2,5,2,4,2,2,1,2,3,3,3,3,2,4,3,8,3,2,0,1,5,1,0,2,6,2,4,1,3,3,82
02:00:00,1,3,7,6,5,6,8,1,7,4,8,7,7,9,0,5,7,5,10,8,5,3,2,11,0,0,4,8,0,4,7,6,5,158
03:00:00,1,11,6,10,6,6,8,0,10,10,7,7,8,9,4,6,4,7,10,12,9,5,15,8,0,0,4,9,1,6,4,7,7,203
04:00:00,1,11,12,7,17,15,7,1,14,12,12,14,10,13,1,19,18,9,17,13,13,13,18,15,0,0,9,9,0,8,13,12,10,321
05:00:00,5,22,32,24,18,21,10,3,18,21,18,24,23,10,7,21,24,20,21,27,14,13,24,17,0,1,17,11,8,24,20,20,17,518
06:00:00,8,34,45,29,37,42,14,8,32,33,38,33,30,16,8,31,36,31,32,37,22,11,31,10,0,1,19,10,5,25,23,29,24,731
07:00:00,2,50,31,46,37,28,13,6,40,30,38,35,37,14,5,38,32,29,35,26,14,5,27,14,0,2,17,16,1,24,24,29,23,716
08:00:00,7,31,49,34,38,29,11,4,30,28,31,29,24,13,9,31,36,33,26,24,14,2,21,10,0,1,12,12,5,14,18,25,20,626
09:00:00,0,35,43,41,39,30,14,4,30,41,44,37,37,7,7,27,23,38,30,24,16,7,28,13,0,1,17,10,3,18,15,28,22,679
10:00:00,1,40,52,43,43,29,12,2,38,42,40,43,31,7,3,36,41,23,34,29,9,7,22,8,0,4,12,9,4,27,17,30,23,708
11:00:00,2,35,45,44,52,35,2,1,45,42,30,32,35,2,3,39,38,31,29,18,12,8,13,10,0,2,21,14,3,23,21,29,22,687
12:00:00,2,39,39,28,32,31,7,3,34,38,54,42,31,7,5,36,35,28,43,29,5,6,36,2,0,2,11,7,2,27,11,29,22,672
13:00:00,0,27,38,33,35,30,6,3,27,34,20,34,27,5,2,24,31,22,26,28,7,2,23,2,0,1,15,7,3,14,10,23,17,536
14:00:00,2,33,31,37,39,26,6,1,33,39,30,33,30,5,1,21,29,21,25,20,5,7,15,1,0,3,15,4,2,18,5,23,17,537
15:00:00,2,38,29,33,31,22,3,1,38,34,30,21,25,3,0,31,34,29,31,20,7,3,19,1,0,2,6,3,4,17,2,22,17,519
16:00:00,3,26,29,18,17,11,3,2,19,30,19,18,14,6,2,36,23,14,13,16,6,4,12,2,0,3,7,3,2,16,4,16,12,378
17:00:00,4,6,25,4,13,10,3,3,10,7,6,9,2,6,2,13,15,11,17,10,4,3,11,0,0,1,9,2,2,16,2,9,7,226
18:00:00,3,9,7,9,10,5,3,2,8,8,3,6,2,2,4,14,10,5,4,11,4,3,7,1,0,1,5,2,0,8,2,6,5,158
19:00:00,4,6,6,7,8,6,3,3,16,7,7,9,4,2,8,9,7,8,17,11,4,6,12,2,0,1,12,1,1,11,2,8,6,200
20:00:00,2,12,5,5,5,1,4,2,2,4,4,5,4,3,3,6,8,7,14,7,3,5,6,0,0,1,4,2,1,6,1,5,4,132
21:00:00,2,5,2,5,6,4,2,2,5,4,3,3,4,1,1,9,8,3,4,6,0,2,7,0,0,1,2,1,2,1,1,4,3,96
22:00:00,1,6,4,6,2,6,3,2,3,3,5,4,4,1,5,2,6,1,6,7,2,3,4,0,0,3,3,1,2,1,1,4,3,97
23:00:00,0,0,0,5,2,4,1,2,3,0,4,5,3,0,1,4,3,2,6,1,3,5,4,0,0,1,2,1,1,1,0,2,2,64