,2024-02-01,2024-02-02,2024-02-03,2024-02-04,2024-02-05,2024-02-06,2024-02-07,2024-02-08,2024-02-09,2024-02-10,2024-02-11,2024-02-12,2024-02-13,2024-02-14,2024-02-15,2024-02-16,2024-02-17,2024-02-18,2024-02-19,2024-02-20,2024-02-21,2024-02-22,2024-02-23,2024-02-24,2024-02-25,2024-02-26,2024-02-27,2024-02-28,2024-02-29,Workday,7 Day,Count
00:00:00,4,8,2,2,3,0,2,8,2,6,1,2,1,4,7,1,9,2,3,3,2,5,16,2,2,2,16,15,20,6,5,150
01:00:00,4,2,0,1,1,0,3,1,5,4,1,1,2,3,2,2,2,3,1,0,1,4,15,5,3,1,15,17,15,5,4,114
02:00:00,6,5,8,1,4,4,5,7,2,5,2,3,2,4,3,2,9,0,2,4,4,7,5,7,2,3,22,30,16,7,6,174
03:00:00,8,8,6,1,3,5,6,8,11,8,1,5,7,8,6,9,3,0,9,8,4,8,17,6,0,10,27,32,25,11,9,249
04:00:00,16,12,9,3,7,15,12,11,11,8,0,8,14,7,8,9,12,2,7,11,11,9,11,13,5,17,21,14,16,12,10,299
05:00:00,23,29,12,6,6,29,26,24,24,23,4,22,20,30,28,27,11,5,26,32,30,25,25,9,6,25,25,23,28,25,21,603
06:00:00,27,39,14,5,5,34,33,40,35,15,7,37,35,34,30,24,12,6,24,26,34,33,30,18,2,29,35,31,28,31,25,722
07:00:00,30,41,11,1,10,29,34,29,43,10,2,45,37,35,33,40,8,3,45,43,29,38,40,10,4,34,37,40,31,35,27,792
08:00:00,27,31,10,3,8,30,30,27,36,13,2,50,23,44,28,36,10,2,23,31,25,23,30,12,2,25,27,29,34,29,23,671
09:00:00,60,32,11,3,7,49,35,32,32,14,1,46,34,36,30,33,7,4,30,44,40,38,33,6,6,31,35,51,38,36,28,818
10:00:00,53,36,12,0,9,37,42,34,38,11,3,56,38,33,41,38,10,0,27,53,40,35,39,11,2,34,43,40,48,39,29,863
11:00:00,45,41,5,2,6,42,42,38,42,14,4,57,45,42,35,33,12,1,48,41,36,40,40,8,0,47,33,43,49,40,30,891
12:00:00,49,33,11,4,8,42,44,34,41,13,1,51,30,39,47,32,11,1,51,42,46,29,26,9,3,42,35,38,48,38,29,860
13:00:00,29,45,7,1,6,36,38,30,38,8,3,48,36,32,31,22,6,3,35,30,30,27,31,7,5,30,34,32,18,31,24,698
14:00:00,43,34,3,2,4,39,33,39,35,7,1,57,38,32,46,39,6,3,34,39,32,24,26,3,4,35,44,26,34,35,26,762
15:00:00,42,34,6,1,8,33,29,32,29,5,1,46,19,41,39,27,11,2,36,37,29,28,31,5,2,35,31,31,35,32,24,705
16:00:00,36,23,7,1,5,29,24,26,14,9,3,40,17,12,23,14,4,0,30,32,24,23,33,7,3,23,22,26,28,24,18,538
17:00:00,18,10,7,3,4,30,15,34,13,4,5,34,17,13,12,17,7,0,21,14,19,26,12,5,3,21,14,8,13,17,14,399
18:00:00,20,10,3,1,3,13,11,14,14,5,2,18,16,18,11,8,9,6,9,14,12,4,8,1,2,6,13,11,11,12,9,273
19:00:00,11,10,8,3,1,10,10,5,7,7,2,14,6,8,8,15,2,1,8,10,8,8,7,2,3,12,5,7,3,8,7,201
20:00:00,9,5,4,2,3,4,5,9,7,2,4,7,4,2,10,2,5,3,7,7,5,8,6,2,5,8,8,11,11,7,6,165
21:00:00,9,3,3,2,4,4,5,6,4,4,3,6,7,11,5,4,4,2,6,7,5,29,4,3,2,16,14,15,3,8,7,190
22:00:00,3,5,3,1,2,5,5,5,3,3,2,4,6,9,5,3,4,0,7,4,8,17,2,1,5,14,19,20,6,7,6,171
23:00:00,6,4,3,1,2,2,4,3,6,2,4,4,7,3,2,3,4,1,2,1,4,19,4,1,1,22,18,13,6,6,5,152